scenario_id,scenario_label,decision_difference_rate_pct,avg_marketing_diff_pct,avg_rd_diff_pct,avg_hires_diff
oracle_v1,Oracle v1,94.16666666666667,33.86790372629516,16.521629407816942,0.1
oracle_v3,Oracle v3,94.16666666666667,41.69369677471014,23.604974023172915,0.10833333333333334
